{
  "main.py": 1776228079.3526301,
  "run_ast.py": 1776239194.868174,
  "src\\devon\\cli.py": 1776232108.437265,
  "src\\devon\\config.py": 1776228079.3556285,
  "src\\devon\\github_service.py": 1776228079.3556285,
  "src\\devon\\manager.py": 1776231440.1131935,
  "README.md": 1776228079.3526301
}